{"cameraMode":{"drawMode":0,"name":"Shaded","section":"Shading Mode"},"sceneLighting":false,"audioPlay":false,"sceneViewState":{"m_AlwaysRefresh":false,"showFog":true,"showSkybox":false,"showFlares":true,"showImageEffects":true,"showParticleSystems":true,"showVisualEffectGraphs":true,"m_FxEnabled":true},"in2DMode":false,"pivot":{"x":21.709999084472658,"y":3.8500001430511476,"z":-6.569999694824219},"rotation":{"x":-0.0012365138391032816,"y":0.8889172077178955,"z":-0.45805564522743227,"w":-0.0023989954497665169},"size":12.12435531616211,"orthographic":false}